{
  "info": {
    "name": "Movie Catalog API - Sample Collection",
    "_postman_id": "movie-catalog-sample",
    "description": "Collection with example requests for the Movie Catalog API",
    "schema": "https://schema.getpostman.com/json/collection/v2.1.0/collection.json"
  },
  "variable": [
    {
      "key": "baseUrl",
      "value": "http://localhost:5000"
    }
  ],
  "item": [
    {
      "name": "Get all movies",
      "request": {
        "method": "GET",
        "header": [],
        "url": {
          "raw": "{{baseUrl}}/api/movies",
          "host": [
            "{{baseUrl}}"
          ],
          "path": [
            "api",
            "movies"
          ]
        }
      },
      "response": []
    },
    {
      "name": "Get movie by id",
      "request": {
        "method": "GET",
        "header": [],
        "url": {
          "raw": "{{baseUrl}}/api/movies/1",
          "host": [
            "{{baseUrl}}"
          ],
          "path": [
            "api",
            "movies",
            "1"
          ]
        }
      },
      "response": []
    },
    {
      "name": "Create director",
      "request": {
        "method": "POST",
        "header": [
          {
            "key": "Content-Type",
            "value": "application/json"
          }
        ],
        "body": {
          "mode": "raw",
          "raw": "{\n  \"name\": \"New Director\"\n}"
        },
        "url": {
          "raw": "{{baseUrl}}/api/directors",
          "host": [
            "{{baseUrl}}"
          ],
          "path": [
            "api",
            "directors"
          ]
        }
      },
      "response": []
    },
    {
      "name": "Create movie (use existing director)",
      "request": {
        "method": "POST",
        "header": [
          {
            "key": "Content-Type",
            "value": "application/json"
          }
        ],
        "body": {
          "mode": "raw",
          "raw": "{\n  \"title\": \"Sample Movie\",\n  \"releaseYear\": 2024,\n  \"directorId\": 1\n}"
        },
        "url": {
          "raw": "{{baseUrl}}/api/movies",
          "host": [
            "{{baseUrl}}"
          ],
          "path": [
            "api",
            "movies"
          ]
        }
      },
      "response": []
    },
    {
      "name": "Create movie (create new director)",
      "request": {
        "method": "POST",
        "header": [
          {
            "key": "Content-Type",
            "value": "application/json"
          }
        ],
        "body": {
          "mode": "raw",
          "raw": "{\n  \"title\": \"New Film\",\n  \"releaseYear\": 2022,\n  \"directorName\": \"Indie Director\"\n}"
        },
        "url": {
          "raw": "{{baseUrl}}/api/movies",
          "host": [
            "{{baseUrl}}"
          ],
          "path": [
            "api",
            "movies"
          ]
        }
      },
      "response": []
    },
    {
      "name": "Update movie",
      "request": {
        "method": "PUT",
        "header": [
          {
            "key": "Content-Type",
            "value": "application/json"
          }
        ],
        "body": {
          "mode": "raw",
          "raw": "{\n  \"title\": \"Updated Title\",\n  \"releaseYear\": 2024,\n  \"directorId\": 1\n}"
        },
        "url": {
          "raw": "{{baseUrl}}/api/movies/1",
          "host": [
            "{{baseUrl}}"
          ],
          "path": [
            "api",
            "movies",
            "1"
          ]
        }
      },
      "response": []
    },
    {
      "name": "Delete movie",
      "request": {
        "method": "DELETE",
        "header": [],
        "url": {
          "raw": "{{baseUrl}}/api/movies/1",
          "host": [
            "{{baseUrl}}"
          ],
          "path": [
            "api",
            "movies",
            "1"
          ]
        }
      },
      "response": []
    },
    {
      "name": "Get movies by director",
      "request": {
        "method": "GET",
        "header": [],
        "url": {
          "raw": "{{baseUrl}}/api/directors/1/movies",
          "host": [
            "{{baseUrl}}"
          ],
          "path": [
            "api",
            "directors",
            "1",
            "movies"
          ]
        }
      },
      "response": []
    }
  ]
}