{
  "info": {
    "name": "BookStoreApi Collection",
    "_postman_id": "bookstore-collection-001",
    "description": "Sample collection for testing the BookStoreApi endpoints",
    "schema": "https://schema.getpostman.com/json/collection/v2.1.0/collection.json"
  },
  "variable": [
    {
      "key": "base_url",
      "value": "https://localhost:5001",
      "type": "string"
    }
  ],
  "item": [
    {
      "name": "Get all books",
      "request": {
        "method": "GET",
        "header": [
          {
            "key": "Accept",
            "value": "application/json"
          }
        ],
        "url": {
          "raw": "{{base_url}}/api/books",
          "host": [
            "{{base_url}}"
          ],
          "path": [
            "api",
            "books"
          ]
        }
      }
    },
    {
      "name": "Get book by id",
      "request": {
        "method": "GET",
        "header": [
          {
            "key": "Accept",
            "value": "application/json"
          }
        ],
        "url": {
          "raw": "{{base_url}}/api/books/1",
          "host": [
            "{{base_url}}"
          ],
          "path": [
            "api",
            "books",
            "1"
          ]
        }
      }
    },
    {
      "name": "Create author",
      "request": {
        "method": "POST",
        "header": [
          {
            "key": "Content-Type",
            "value": "application/json"
          }
        ],
        "body": {
          "mode": "raw",
          "raw": "{\"name\": \"New Author\", \"bio\": \"Author bio\"}"
        },
        "url": {
          "raw": "{{base_url}}/api/authors",
          "host": [
            "{{base_url}}"
          ],
          "path": [
            "api",
            "authors"
          ]
        }
      }
    },
    {
      "name": "Create book",
      "request": {
        "method": "POST",
        "header": [
          {
            "key": "Content-Type",
            "value": "application/json"
          }
        ],
        "body": {
          "mode": "raw",
          "raw": "{\"title\": \"New Book\", \"publicationYear\": 2025, \"authorId\": 1}"
        },
        "url": {
          "raw": "{{base_url}}/api/books",
          "host": [
            "{{base_url}}"
          ],
          "path": [
            "api",
            "books"
          ]
        }
      }
    },
    {
      "name": "Update book",
      "request": {
        "method": "PUT",
        "header": [
          {
            "key": "Content-Type",
            "value": "application/json"
          }
        ],
        "body": {
          "mode": "raw",
          "raw": "{\"id\": 1, \"title\": \"Updated Title\", \"publicationYear\": 2024, \"authorId\": 1}"
        },
        "url": {
          "raw": "{{base_url}}/api/books/1",
          "host": [
            "{{base_url}}"
          ],
          "path": [
            "api",
            "books",
            "1"
          ]
        }
      }
    },
    {
      "name": "Delete book",
      "request": {
        "method": "DELETE",
        "header": [
          {
            "key": "Accept",
            "value": "application/json"
          }
        ],
        "url": {
          "raw": "{{base_url}}/api/books/1",
          "host": [
            "{{base_url}}"
          ],
          "path": [
            "api",
            "books",
            "1"
          ]
        }
      }
    },
    {
      "name": "Get books by author",
      "request": {
        "method": "GET",
        "header": [
          {
            "key": "Accept",
            "value": "application/json"
          }
        ],
        "url": {
          "raw": "{{base_url}}/api/authors/1/books",
          "host": [
            "{{base_url}}"
          ],
          "path": [
            "api",
            "authors",
            "1",
            "books"
          ]
        }
      }
    }
  ]
}